source,scenario,iteration,kind,status,elapsed_ms,sync_events_created,prefix
live.task123-noop-matrix,androidNoop,1,startup_noop,PASS,1038,0,
live.task123-noop-matrix,iosNoop,1,startup_noop,PASS,751,0,
live.task123-noop-matrix,androidNoop,2,startup_noop,PASS,1045,0,
live.task123-noop-matrix,iosNoop,2,startup_noop,PASS,761,0,
live.task123-noop-matrix,androidNoop,3,startup_noop,PASS,1033,0,
live.task123-noop-matrix,iosNoop,3,startup_noop,PASS,754,0,
live.task123-noop-matrix,androidNoop,4,startup_noop,PASS,1085,0,
live.task123-noop-matrix,iosNoop,4,startup_noop,PASS,775,0,
live.task123-noop-matrix,androidNoop,5,startup_noop,PASS,1066,0,
live.task123-noop-matrix,iosNoop,5,startup_noop,PASS,732,0,
live.task123-noop-matrix,androidNoop,6,startup_noop,PASS,1103,0,
live.task123-noop-matrix,iosNoop,6,startup_noop,PASS,775,0,
live.task123-noop-matrix,androidNoop,7,startup_noop,PASS,1015,0,
live.task123-noop-matrix,iosNoop,7,startup_noop,PASS,754,0,
live.task123-noop-matrix,androidNoop,8,startup_noop,PASS,1079,0,
live.task123-noop-matrix,iosNoop,8,startup_noop,PASS,693,0,
live.task123-noop-matrix,androidNoop,9,startup_noop,PASS,1020,0,
live.task123-noop-matrix,iosNoop,9,startup_noop,PASS,710,0,
live.task123-noop-matrix,androidNoop,10,startup_noop,PASS,1038,0,
live.task123-noop-matrix,iosNoop,10,startup_noop,PASS,731,0,
live.task123-single-propagation,iosToAndroid,1,catalog_product_create,PASS,1252,,TASK133_PERF_20260617_130313_SINGLE_20260617T171130Z_IOS_1_
live.task123-single-propagation,androidToIos,1,catalog_product_create,PASS,482,,TASK133_PERF_20260617_130313_SINGLE_20260617T171130Z_ANDROID_1_
live.task123-single-propagation,iosToAndroid,2,catalog_product_create,PASS,1314,,TASK133_PERF_20260617_130313_SINGLE_20260617T171130Z_IOS_2_
live.task123-single-propagation,androidToIos,2,catalog_product_create,PASS,462,,TASK133_PERF_20260617_130313_SINGLE_20260617T171130Z_ANDROID_2_
live.task123-single-propagation,iosToAndroid,3,catalog_product_create,PASS,1280,,TASK133_PERF_20260617_130313_SINGLE_20260617T171130Z_IOS_3_
live.task123-single-propagation,androidToIos,3,catalog_product_create,PASS,461,,TASK133_PERF_20260617_130313_SINGLE_20260617T171130Z_ANDROID_3_
live.task123-single-propagation,iosToAndroid,4,catalog_product_create,PASS,1145,,TASK133_PERF_20260617_130313_SINGLE_20260617T171130Z_IOS_4_
live.task123-single-propagation,androidToIos,4,catalog_product_create,PASS,468,,TASK133_PERF_20260617_130313_SINGLE_20260617T171130Z_ANDROID_4_
live.task123-single-propagation,iosToAndroid,5,catalog_product_create,PASS,1250,,TASK133_PERF_20260617_130313_SINGLE_20260617T171130Z_IOS_5_
live.task123-single-propagation,androidToIos,5,catalog_product_create,PASS,470,,TASK133_PERF_20260617_130313_SINGLE_20260617T171130Z_ANDROID_5_
live.task123-single-propagation,iosToAndroid,6,catalog_product_create,PASS,1241,,TASK133_PERF_20260617_130313_SINGLE_20260617T171130Z_IOS_6_
live.task123-single-propagation,androidToIos,6,catalog_product_create,PASS,460,,TASK133_PERF_20260617_130313_SINGLE_20260617T171130Z_ANDROID_6_
live.task123-single-propagation,iosToAndroid,7,catalog_product_create,PASS,1062,,TASK133_PERF_20260617_130313_SINGLE_20260617T171130Z_IOS_7_
live.task123-single-propagation,androidToIos,7,catalog_product_create,PASS,455,,TASK133_PERF_20260617_130313_SINGLE_20260617T171130Z_ANDROID_7_
live.task123-single-propagation,iosToAndroid,8,catalog_product_create,PASS,1079,,TASK133_PERF_20260617_130313_SINGLE_20260617T171130Z_IOS_8_
live.task123-single-propagation,androidToIos,8,catalog_product_create,PASS,481,,TASK133_PERF_20260617_130313_SINGLE_20260617T171130Z_ANDROID_8_
live.task123-single-propagation,iosToAndroid,9,catalog_product_create,PASS,1239,,TASK133_PERF_20260617_130313_SINGLE_20260617T171130Z_IOS_9_
live.task123-single-propagation,androidToIos,9,catalog_product_create,PASS,451,,TASK133_PERF_20260617_130313_SINGLE_20260617T171130Z_ANDROID_9_
live.task123-single-propagation,iosToAndroid,10,catalog_product_create,PASS,1308,,TASK133_PERF_20260617_130313_SINGLE_20260617T171130Z_IOS_10_
live.task123-single-propagation,androidToIos,10,catalog_product_create,PASS,469,,TASK133_PERF_20260617_130313_SINGLE_20260617T171130Z_ANDROID_10_
